COM_CODE,UPC,DESCRIP,SIZE,CASE,NITEM
700,190,KING CARTON CIGS (PL,1 CT,1,86040
700,191,100'S CARTON CIGS (P,1 CT,1,86060
705,193,25 CT SINGLE PACK CI,1 CT,8,80080
705,194,GENERIC SINGLE,1 CT,10,80020
700,195,KING CARTON PRICE VA,1 CT,1,86050
700,196,100'S CARTON PRICE V,1 CT,1,86070
705,197,CIGARETTES SINGLE PA,1 CT,10,80120
705,1100000111,CIGARETTES (SINGLE P,1 CT,1,86110
705,1100000112,CIGARETTES (SINGLE P,1 CT,1,86110
705,1100000115,CIGARETTES (SINGLE P,1 CT,1,86110
705,1100000126,CIGARETTES (SINGLE P,1 CT,1,86110
705,1100000127,CIGARETTES (SINGLE P,1 CT,1,86110
705,1100000133,CIGARETTES (SINGLE P,1 CT,1,86110
705,1100000134,CIGARETTES (SINGLE P,1 CT,1,86110
705,1100000135,CIGARETTES (SINGLE P,1 CT,1,86110
705,1100000136,CIGARETTES (SINGLE P,1 CT,1,86110
705,1100000166,CIGARETTES (SINGLE P,1 CT,1,86110
705,1100000286,CIGARETTES (SINGLE P,1 CT,1,86110
705,1100000296,CIGARETTES (SINGLE P,1 CT,1,86110
700,1100000326,100'S CARTON,10 PK,1,86210
705,1100000336,CIGARETTES (SINGLE P,1 CT,1,86110
705,1100000368,CIGARETTES (SINGLE P,PACK,1,86110
705,1100000416,CIGARETTES (SINGLE P,1 CT,1,86110
705,1100000426,CIGARETTES (SINGLE P,1 CT,1,86110
705,1100000436,CIGARETTES (SINGLE P,1 CT,1,86110
705,1100000466,CIGARETTES (SINGLE P,1 CT,1,86110
705,1100000536,CIGARETTES (SINGLE P,1 CT,1,86110
705,1100000566,CIGARETTES (SINGLE P,1 CT,1,86110
705,1100000606,CIGARETTES (SINGLE P,1 CT,1,86110
705,1100000626,CIGARETTES (SINGLE P,1 CT,1,86110
705,1100000676,CIGARETTES (SINGLE P,1 CT,1,86110
700,1100011108,KING CARTON,10 CT,1,86000
700,1100011208,KING CARTON,10 CT,1,86000
700,1100011308,KING & REG CIGARETTE,10 CT,1,86020
700,1100011508,100'S CARTON CIGARET,10 CT,1,86210
700,1100011608,100'S CARTON,10 PK,1,86210
700,1100012608,100'S CARTON CIGARET,10 CT,1,86210
700,1100012708,100'S CARTON CIGARET,10 CT,1,86210
700,1100012808,100'S CARTON CIGARET,10 CT,1,86210
700,1100012908,100'S CARTON CIGARET,10 CT,1,86210
700,1100013208,100'S CARTON CIGARET,10 CT,1,86210
700,1100013308,100'S CARTON CIGARET,10 CT,1,86210
700,1100013408,100'S CARTON CIGARET,10 CT,1,86210
700,1100013508,100'S CARTON CIGARET,10 CT,1,86210
700,1100014108,KING CARTON,10 CT,1,86000
700,1100014208,100'S CARTON CIGARET,10 CT,1,86210
700,1100014308,KING CARTON,10 PK,1,86000
700,1100014608,100'S CARTON CIGARET,10 CT,1,86210
700,1100015308,KING CARTON,10 PK,1,86000
700,1100015608,KING CARTON,10 PK,1,86000
700,1100016008,100'S CARTON CIGARET,10 CT,1,86210
700,1100016208,100'S CARTON CIGARET,10 CT,1,86210
700,1100072408,GENERIC CARTON CIGAR,10 PK,1,86010
705,1230000001,CIGARETTES SINGLE PA,1 CT,10,86120
705,1230000002,CIGARETTES SINGLE PA,1 CT,10,86120
705,1230000003,CIGARETTES SINGLE PA,1 CT,10,86120
705,1230000004,CIGARETTES SINGLE PA,1 CT,10,86120
705,1230000005,CIGARETTES SINGLE PA,1 CT,10,86120
705,1230000007,CIGARETTES SINGLE PA,1 CT,10,86120
705,1230000008,CIGARETTES (SINGLE P,1 CT,1,86110
705,1230000010,CIGARETTES (SINGLE P,1 CT,1,86110
705,1230000011,CIGARETTES (SINGLE P,1 CT,1,86110
705,1230000012,CIGARETTES (SINGLE P,1 CT,1,86110
705,1230000013,CIGARETTES (SINGLE P,1 CT,1,86110
705,1230000014,CIGARETTES (SINGLE P,1 CT,1,86110
705,1230000017,CIGARETTES (SINGLE P,1 CT,1,86110
705,1230000018,CIGARETTES (SINGLE P,1 CT,1,86110
705,1230000019,CIGARETTES SINGLE PA,1 CT,10,86120
705,1230000020,CIGARETTES (SINGLE P,1 CT,1,86110
705,1230000022,CIGARETTES (SINGLE P,1 CT,1,86110
705,1230000024,CIGARETTES (SINGLE P,1 CT,1,86110
705,1230000025,CIGARETTES (SINGLE P,1 CT,1,86110
705,1230000026,CIGARETTES (SINGLE P,1 CT,1,86110
705,1230000027,CIGARETTES SINGLE PA,1 CT,10,86130
705,1230000028,CIGARETTES (SINGLE P,1 CT,1,86110
705,1230000029,CIGARETTES (SINGLE P,1 CT,1,86110
705,1230000030,CIGARETTES (SINGLE P,1 CT,1,86110
705,1230000031,CIGARETTES (SINGLE P,1 CT,1,86110
705,1230000032,CIGARETTES (SINGLE P,1 CT,1,86110
705,1230000033,CIGARETTES SINGLE PA,1 CT,10,86120
705,1230000034,CIGARETTES SINGLE PA,1 CT,10,86120
705,1230000035,CIGARETTES (SINGLE P,1 CT,1,86110
705,1230000036,CIGARETTES SINGLE PA,1 CT,10,86130
705,1230000037,CIGARETTES SINGLE PA,1 CT,10,86130
705,1230000039,CIGARETTES SINGLE PA,1 CT,10,86130
705,1230000041,GENERIC SINGLE,1 CT,10,80100
705,1230000042,SUB GENERIC SINGLE,1 CT,10,80030
705,1230000043,GENERIC SINGLE,1 CT,10,80100
705,1230000044,GENERIC SINGLE,1 CT,10,80100
705,1230000045,GENERIC SINGLE,1 CT,10,80100
705,1230000046,CIGARETTES SINGLE PA,1 CT,10,86130
705,1230000047,CIGARETTES SINGLE PA,1 CT,10,86130
705,1230000048,CIGARETTES SINGLE PA,1 CT,10,86130
705,1230000049,CIGARETTES SINGLE PA,1 CT,10,86130
705,1230000050,CIGARETTES SINGLE PA,1 CT,10,86130
705,1230000051,SUB GENERIC SINGLE,1 CT,10,80030
705,1230000052,SUB GENERIC SINGLE,1 CT,10,80030
705,1230000053,SUB GENERIC SINGLE,1 CT,10,80030
705,1230000055,CIGARETTES SINGLE PA,1 CT,10,86130
705,1230000056,CIGARETTES SINGLE PA,1 CT,10,86130
705,1230000057,SUB GENERIC SINGLE,1 CT,10,80030
705,1230000058,SUB GENERIC SINGLE,1 CT,10,80030
705,1230000059,CIGARETTES SINGLE PA,1 CT,10,86120
705,1230000060,CIGARETTES SINGLE PA,1 CT,10,86130
705,1230000061,CIGARETTES SINGLE PA,1 CT,10,86130
705,1230000062,CIGARETTES SINGLE PA,1 CT,10,86120
705,1230000063,CIGARETTES SINGLE PA,1 CT,10,86130
705,1230000064,CIGARETTES SINGLE PA,1 CT,10,86130
705,1230000066,SUB GENERIC SINGLE,1 CT,10,80030
705,1230000067,SUB GENERIC SINGLE,1 CT,10,80030
705,1230000068,GENERIC SINGLE,1 CT,10,80100
705,1230000069,GENERIC SINGLE,1 CT,10,80100
705,1230000071,GENERIC SINGLE,1 CT,1,80100
705,1230000072,CIGARETTES SINGLE PA,1 CT,10,86120
705,1230000074,CIGARETTES SINGLE PA,1 CT,10,86130
705,1230000090,CIGARETTES SINGLE PA,1 CT,10,86130
705,1230000091,SUB GENERIC SINGLE,1 CT,10,80030
705,1230000092,CIGARETTES SINGLE PA,1 CT,10,86130
705,1230000093,CIGARETTES (SINGLE P,1 CT,1,86110
705,1230000094,CIGARETTES (SINGLE P,1 CT,1,86110
700,1230010113,KING CARTON,10 PK,1,86000
700,1230010213,KING CARTON,10 PK,1,86000
700,1230010313,KING CARTON,10 PK,1,86000
700,1230010413,KING CARTON,10 PK,1,86000
700,1230010513,100'S CIGARETTE CART,10 CT,1,86200
700,1230010713,KING CARTON,10 PK,1,86000
700,1230010813,KING CARTON,10 PK,1,86000
700,1230011013,KING CARTON,10 PK,1,86000
700,1230011036,WINSTON KING CARTON,10 CT,1,86600
705,1230011039,WINSTON KING PACK,1 CT,10,86500
700,1230011113,KING CARTON,10 PK,1,86000
700,1230011136,WINSTON KING CARTON,10 CT,1,86600
705,1230011139,WINSTON KING PACK,1 CT,10,86500
700,1230011213,KING CARTON,10 PK,1,86000
700,1230011236,WINSTON KING CARTON,10 CT,1,86600
705,1230011239,WINSTON KING PACK,1 CT,10,86500
700,1230011313,100'S CIGARETTE CART,10 CT,1,86200
700,1230011336,WINSTON 100'S CARTON,10 CT,1,86650
705,1230011339,WINSTON KING PACK,1 CT,10,86500
700,1230011413,100'S CIGARETTE CART,10 CT,1,86200
700,1230011436,WINSTON 100'S CARTON,10 CT,1,86650
705,1230011439,WINSTON KING PACK,1 CT,10,86500
700,1230011713,KING CARTON,10 PK,1,86000
700,1230011736,WINSTON KING CARTON,10 CT,1,86600
705,1230011739,WINSTON KING PACK,1 CT,10,86500
700,1230011813,100'S CIGARETTE CART,10 CT,1,86200
700,1230011836,WINSTON 100'S CARTON,10 CT,1,86650
705,1230011839,WINSTON KING PACK,1 CT,10,86500
700,1230011913,KING & REG CIGARETTE,10 CT,1,86020
700,1230011936,WINSTON KING CARTON,10 CT,1,86600
705,1230011939,WINSTON KING PACK,1 CT,10,86500
700,1230012013,KING CARTON,10 PK,1,86000
700,1230012213,100'S CIGARETTE CART,10 CT,1,86200
700,1230012413,KING CARTON,10 PK,1,86000
700,1230012513,100'S CIGARETTE CART,10 CT,1,86200
700,1230012613,100'S CIGARETTE CART,10 CT,1,86200
700,1230012719,100'S CARTON CIGARET,10 CT,1,86210
700,1230012813,KING CARTON,10 PK,1,86000
700,1230012913,100'S CIGARETTE CART,10 CT,1,86200
700,1230013013,KING CARTON,10 PK,1,86000
700,1230013113,100'S CIGARETTE CART,10 CT,1,86200
700,1230013213,KING CARTON,10 PK,1,86000
700,1230013313,KING CARTON,10 PK,1,86000
700,1230013413,100'S CIGARETTE CART,10 CT,1,86200
700,1230013513,100'S CIGARETTE CART,10 CT,1,86200
700,1230013613,KING CARTON,10 PK,1,86000
700,1230013713,KING CARTON,10 CT,1,86000
700,1230013913,KING CARTON,10 PK,1,86000
700,1230014113,KING & REG CIGARETTE,10 PK,1,86000
700,1230014213,GENERIC CARTON,10 PK,1,86010
700,1230014313,KING & REG CIGARETTE,10 PK,1,86000
700,1230014413,KING & REG CIGARETTE,10 PK,1,86000
700,1230014513,KING & REG CIGARETTE,10 PK,1,86000
700,1230014613,100'S CIGARETTE CART,10 CT,1,86200
700,1230014819,KING & REG CIGARETTE,10 PK,1,86000
700,1230014919,KING & REG CIGARETTE,10 CT,1,86020
700,1230015113,PRICE VALUE KING CAR,10 PK,1,86330
700,1230015213,PRICE VALUE KING CAR,10 PK,1,86230
700,1230015313,PRICE VALUE KING CAR,10 PK,1,86230
700,1230015513,100'S CIGARETTE CART,10 CT,1,86200
700,1230015613,100'S CIGARETTE CART,10 CT,1,86200
700,1230015713,PRICE VALUE KING CAR,10 PK,1,86030
700,1230015813,PRICE VALUE KING CAR,10 PK,1,86230
700,1230015913,100'S CIGARETTE CART,10 CT,1,86200
700,1230015936,WINSTON 100'S CARTON,10 CT,1,86650
705,1230015939,WINSTON KING PACK,1 CT,10,86500
700,1230016013,100'S CIGARETTE CART,10 CT,1,86200
700,1230016113,100'S CIGARETTE CART,10 CT,1,86200
700,1230016313,100'S CARTON CIGARET,10 PK,1,86210
700,1230016413,100'S CARTON CIGARET,10 PK,1,86210
700,1230016613,PRICE VALUE KING CAR,10 PK,1,86030
700,1230016713,PRICE VALUE KING CAR,10 PK,1,86230
700,1230016813,GENERIC CARTON,10 PK,1,86010
700,1230016913,GENERIC CARTON,10 PK,1,86010
700,1230017113,GENERIC CARTON,10 PK,1,86010
700,1230017213,100'S CARTON CIGARET,10 CT,1,86210
700,1230019013,100'S CIGARETTE CART,10 CT,1,86200
700,1230019113,GENERIC CARTON,10 PK,1,86010
700,1230019213,100'S CIGARETTE CART,10 CT,1,86200
700,1230019313,KING CARTON,10 CT,1,86000
700,1230019413,KING CARTON,10 CT,1,86000
705,1230020012,CIGARETTES SINGLE PA,1 CT,10,86120
705,1230020014,CIGARETTES SINGLE PA,1 CT,10,86120
705,1230020015,CIGARETTES SINGLE PA,1 CT,10,86120
705,1230020050,GENERIC SINGLE,1 CT,10,80020
705,1230020051,CIGARETTES SINGLE PA,1 CT,10,86130
705,1230020052,CIGARETTES SINGLE PA,1 CT,10,86130
705,1230020055,SUB GENERIC SINGLE,1 CT,10,80030
705,1230020165,CIGARETTES SINGLE PA,1 CT,10,86120
700,1230020166,KING CARTON,10 CT,1,86000
705,1230020276,CIGARETTES SINGLE PA,1 CT,10,86120
700,1230020277,KING CARTON,10 CT,1,86000
700,1230020487,WINSTON SELECT 20Õ O,1 CT,1,86100
700,1230020488,WINSTON SELECT $2 OF,10 CT,1,86090
700,1230020490,WINSTON SELECT 20Õ O,1 CT,1,86100
700,1230020491,WINSTON SELECT $2 OF,10 CT,1,86090
700,1230020493,WINSTON SELECT 20Õ O,1 CT,1,86100
700,1230020494,WINSTON SELECT $2 OF,10 CT,1,86090
700,1230020496,WINSTON SELECT 20Õ O,1 CT,1,86100
700,1230020497,WINSTON SELECT $2 OF,10 CT,1,86090
700,1230020550,WINSTON SELECT 20Õ O,1 CT,1,86100
700,1230020551,WINSTON SELECT $2 OF,10 CT,1,86090
700,1230020556,WINSTON SELECT 20Õ O,1 CT,1,86100
700,1230020557,WINSTON SELECT $2 OF,10 CT,1,86090
700,1230021213,100'S CARTON CIGARET,10 CT,1,86210
700,1230021413,KING & REG CIGARETTE,10 CT,1,86020
700,1230021513,KING & REG CIGARETTE,10 CT,1,86020
705,1230021675,CIGARETTES (SINGLE P,1 CT,1,86110
700,1230021676,KING CARTON,10 CT,1,86000
705,1230021678,CIGARETTES (SINGLE P,1 CT,1,86110
700,1230021679,KING CARTON,10 CT,1,86000
700,1230023013,GENERIC(WHITE)100 CA,10 CT,1,86220
705,1230023099,GENERIC (B/W) SINGLE,1 CT,10,80020
700,1230023113,GENERIC(WHITE)100 CA,10 CT,1,86220
705,1230023199,GENERIC (B/W) SINGLE,1 CT,10,80020
700,1230025013,GENERIC CARTON,10 PK,1,86010
700,1230025113,100'S CIGARETTE CART,10 CT,1,86200
700,1230025213,100'S CIGARETTE CART,10 CT,1,86200
700,1230025513,GENERIC CARTON,10 PK,1,86010
705,1230033799,CIGARETTES SINGLE PA,1 CT,10,86120
705,1230033899,GENERIC (B/W) SINGLE,1 CT,10,80020
700,1230034013,GENERIC(WHITE)100 CA,10 CT,1,86220
700,1230066513,KING CARTON,10 CT,1,86000
705,1230066599,CIGARETTES (SINGLE P,1 CT,1,86110
700,1230066613,KING & REG CIGARETTE,10 CT,1,86020
705,1230066699,CIGARETTES SINGLE PA,1 CT,10,86130
700,1230066713,100'S CARTON CIGARET,10 CT,1,86210
705,1230066799,CIGARETTES SINGLE PA,1 CT,10,86130
700,1230070336,WINSTON 100'S CARTON,10 PK,1,86650
705,1230070339,WINSTON KING PACK,1 CT,10,86500
705,1230070373,CIGARETTES B2G BONUS,1 CT,1,80010
700,1230070399,WINSTON 100'S CARTON,10 CT,10,86650
700,1230070413,WINSTON 100'S CARTON,10 CT,1,86650
700,1230070436,WINSTON 100'S CARTON,10 CT,1,86650
705,1230070504,DORAL 2PK,2PK,1,86150
705,1230070799,CIGARETTES (SINGLE P,1 CT,1,86110
705,1230070899,CIGARETTES (SINGLE P,1 CT,1,86110
700,1230070913,KING & REG CIGARETTE,10 CT,1,86020
700,1230070936,WINSTON KING CARTON,10 CT,1,86600
705,1230070939,WINSTON KING PACK,1 CT,10,86500
705,1230070999,CIGARETTES SINGLE PA,1 CT,10,86120
700,1230071013,KING CARTON,10 CT,1,86000
700,1230071036,WINSTON KING CARTON,10 CT,1,86600
705,1230071039,WINSTON KING PACK,1 CT,10,86500
705,1230071099,CIGARETTES SINGLE PA,1 CT,10,86120
700,1230071113,KING CARTON,10 CT,1,86000
705,1230071199,CIGARETTES SINGLE PA,1 CT,10,86120
700,1230071213,KING CARTON,10 CT,1,86000
705,1230071299,CIGARETTES SINGLE PA,1 CT,10,86120
700,1376000009,WINCHESTER 20'S,10 CT,10,88090
705,2040000000,SUB GENERIC SINGLE,1 CT,10,80030
705,2040000001,SUB GENERIC SINGLE,1 CT,10,80030
705,2040000002,SUB GENERIC SINGLE P,1 CT,10,80030
705,2040000003,SUB GENERIC SINGLE P,1 CT,10,80030
705,2040000006,SUB GENERIC SINGLE P,1 CT,10,80100
705,2040000007,SUB GENERIC SINGLE P,1 CT,10,80100
705,2040000009,CIGARETTES (SINGLE P,1 CT,1,86110
705,2040000022,SUB GENERIC SINGLE P,1 CT,10,80100
705,2040000023,SUB GENERIC SINGLE P,1 CT,10,80100
705,2040000034,SUB GENERIC SINGLE P,1 CT,10,80030
705,2040000035,SUB GENERIC 100'S CA,10 PK,10,80030
705,2040000044,CIGARETTES SINGLE PA,1 CT,10,86120
705,2040000045,CIGARETTES SINGLE PA,1 CT,10,86120
700,2040002038,KING CARTON,10 CT,1,86000
700,2040002048,KING CARTON,10 CT,1,86000
700,2040005038,SUB GENERIC KING CAR,10 CT,1,86300
700,2040005158,SUB GENERIC CARTON,10 PK,1,86230
700,2040005168,SUB GENERIC KING CAR,10 CT,1,86300
700,2040005258,SUB GENERIC CARTON,10 PK,1,86230
700,2040005268,SUB GENERIC KING CAR,10 CT,1,86300
700,2040005358,SUB GENERIC 100'S CA,10 CT,1,86320
700,2040006738,SUB GENERIC KING CAR,10 CT,1,86300
700,2040006748,SUB GENERIC 100'S CA,10 CT,1,86320
700,2040006778,SUB GENERIC KING CAR,10 CT,1,86300
700,2040006788,SUB GENERIC 100'S CA,10 CT,1,86320
705,2610000030,SUB GENERIC SINGLE,1 CT,10,80100
705,2610000034,SUB GENERIC SINGLE,1 CT,10,80100
700,2610000037,KING CARTON,10 CT,1,86000
705,2610000040,SUB GENERIC SINGLE,1 CT,10,80100
705,2610000044,SUB GENERIC SINGLE,1 CT,10,80100
700,2610000047,KING CARTON,10 PK,1,86000
705,2610000050,SUB GENERIC SINGLE P,1 CT,10,80100
705,2610000054,CIGARETTES (SINGLE P,1 CT,1,86110
700,2610000057,100'S CIGARETTE CART,10 CT,1,86200
705,2610000060,SUB GENERIC SINGLE P,1 CT,10,80100
705,2610000064,CIGARETTES (SINGLE P,1 CT,1,86110
705,2610000084,CIGARETTES (SINGLE P,1 CT,1,86110
700,2610000087,100'S CIGARETTE CART,10 PK,1,86200
705,2610000094,CIGARETTES SINGLE PA,1 CT,10,86120
700,2610000097,100'S CIGARETTE CART,10 CT,1,86200
705,2610000104,CIGARETTES SINGLE PA,1 CT,10,86120
700,2610000107,100'S CIGARETTE CART,10 CT,1,86200
705,2610000114,CIGARETTES SINGLE PA,1 CT,10,86120
700,2610000117,100'S CIGARETTE CART,10 CT,1,86200
705,2610000124,CIGARETTES (SINGLE P,PACK,1,86110
700,2610000127,KING & REG CIGARETTE,10 CT,1,86000
700,2610000137,KING CARTON,10 CT,1,86000
705,2610000144,CIGARETTES (SINGLE P,1 CT,1,86110
700,2610000147,100'S CIGARETTE CART,10 CT,1,86200
700,2610000157,100'S CIGARETTE CART,10 PK,1,86200
705,2610000164,CIGARETTES SINGLE PA,1 CT,10,86120
700,2610000167,KING CARTON,10 PK,1,86000
705,2610000174,CIGARETTES SINGLE PA,1 CT,10,86120
700,2610000177,100'S CIGARETTE CART,10 CT,1,86200
705,2610000180,GENERIC SINGLE PACK,1 CT,10,80100
705,2610000190,GENERIC SINGLE PACK,1 CT,10,80100
705,2610000204,GENERIC SINGLE,1 CT,8,86120
705,2610000214,GENERIC SINGLE,1 CT,8,86120
705,2610000224,CIGARETTES (SINGLE P,1 CT,1,86110
700,2610000237,100'S CIGARETTE CART,10 PK,1,86200
705,2610000244,CIGARETTES SINGLE PA,1 CT,10,86120
705,2610000254,CIGARETTES SINGLE PA,1 CT,10,86120
705,2610000264,CIGARETTES SINGLE PA,1 CT,10,86120
700,2610000267,KING CARTON,10 PK,1,86000
705,2610000274,CIGARETTES SINGLE PA,1 CT,10,86120
700,2610000277,KING CARTON,10 PK,1,86000
705,2610000284,CIGARETTES SINGLE PA,1 CT,10,86120
700,2610000287,100'S CIGARETTE CART,10 CT,1,86200
705,2610000294,CIGARETTES SINGLE PA,1 CT,10,86120
700,2610000297,100'S CIGARETTE CART,10 CT,1,86200
705,2610000304,CIGARETTES SINGLE PA,1 CT,10,86120
700,2610000307,KING CARTON,10 PK,1,86000
705,2610000334,CIGARETTES SINGLE PA,1 CT,10,86120
700,2610000337,KING CARTON,10 PK,1,86000
705,2610000344,CIGARETTES SINGLE PA,1 CT,10,86120
700,2610000347,KING CARTON,10 PK,1,86000
705,2610000354,CIGARETTES SINGLE PA,1 CT,10,86120
700,2610000357,100'S CIGARETTE CART,10 CT,1,86200
705,2610000364,CIGARETTES SINGLE PA,1 CT,10,86120
700,2610000367,KING CARTON,10 PK,1,86000
705,2610000374,CIGARETTES SINGLE PA,1 CT,10,86120
700,2610000377,100'S CIGARETTE CART,10 CT,1,86200
705,2610000384,CIGARETTES (SINGLE P,1 CT,1,86110
700,2610000387,100'S CIGARETTE CART,10 CT,1,86200
705,2610000394,CIGARETTES (SINGLE P,1 CT,1,86110
700,2610000397,100'S CIGARETTE CART,10 CT,1,86200
705,2610000424,CIGARETTES SINGLE PA,1 CT,10,86120
700,2610000427,100'S CIGARETTE CART,10 CT,1,86200
705,2610000434,CIGARETTES SINGLE PA,1 CT,10,86120
700,2610000437,KING CARTON,10 PK,1,86000
705,2610000454,CIGARETTES SINGLE PA,1 CT,10,86120
700,2610000457,KING CARTON,10 PK,1,86000
705,2610000464,CIGARETTES SINGLE PA,1 CT,10,86120
700,2610000467,100'S CIGARETTE CART,10 CT,1,86200
705,2610000504,CIGARETTES SINGLE PA,1 CT,10,86120
700,2610000507,100'S CIGARETTE CART,10 CT,1,86200
705,2610000514,CIGARETTES SINGLE PA,1 CT,10,86120
700,2610000517,KING CARTON,10 PK,1,86000
705,2610000524,CIGARETTES SINGLE PA,1 CT,10,86120
700,2610000527,KING CARTON,10 PK,1,86000
705,2610000534,CIGARETTES SINGLE PA,1 CT,10,86120
700,2610000537,100'S CIGARETTE CART,10 CT,1,86200
705,2610000544,CIGARETTES SINGLE PA,1 CT,10,86120
700,2610000547,100'S CIGARETTE CART,10 CT,1,86200
705,2610000550,SUB GENERIC SINGLE P,1 CT,10,80030
705,2610000570,SUB GENERIC SINGLE P,1 CT,10,80030
705,2610000634,CIGARETTES SINGLE PA,1 CT,10,86120
700,2610000637,100'S CIGARETTE CART,10 CT,1,86200
705,2610000644,CIGARETTES SINGLE PA,1 CT,10,86120
700,2610000647,100'S CIGARETTE CART,10 CT,1,86200
705,2610000740,SUB GENERIC SINGLE P,1 CT,10,80030
705,2610000750,SUB GENERIC SINGLE P,1 CT,10,80030
705,2610000760,SUB GENERIC SINGLE P,1 CT,10,80030
705,2610000770,SUB GENERIC SINGLE P,1 CT,10,80030
705,2610000780,SUB GENERIC SINGLE P,1 CT,10,80030
705,2610000850,SUB GENERIC SINGLE P,1 CT,10,80030
700,2610030550,SUB GENERIC 100'S CA,10 PK,1,86200
700,2610030570,SUB GENERIC,10 PK,1,86230
700,2610030740,SUB GENERIC 100'S CA,10 PK,1,86200
700,2610030750,SUB GENERIC 100'S CA,10 PK,1,86200
700,2610030760,SUB GENERIC 100'S CA,10 PK,1,86200
700,2610030770,SUB GENERIC 100'S CA,10 PK,1,86200
700,2610080030,KING & REG CIGARETTE,10 PK,1,86020
700,2610080040,KING & REG CIGARETTE,10 PK,1,86020
700,2610080050,SUB GENERIC 100'S CA,10 CT,1,86320
700,2610080060,SUB GENERIC 100'S CA,10 CT,1,86320
700,2610080180,NAME-GENERIC CIGS KI,10 CT,1,86300
700,2610080190,NAME-GENERIC CIGS 10,10 CT,1,86320
700,2610080204,KING & REG CIGARETTE,10 CT,1,86020
700,2610080214,100'S CIGARETTE CART,10 CT,1,86200
700,2610080224,100'S CIGARETTE CART,10 CT,1,86200
700,2610080244,100'S CARTON CIGARET,10 CT,1,86210
700,2610080254,100'S CARTON CIGARET,10 CT,1,86210
700,2610080614,100'S CIGARETTE CART,10 CT,1,86200
700,2610080780,SUB GENERIC KING CAR,10 CT,1,86300
700,2610080790,SUB GENERIC KING CAR,10 CT,1,86300
700,2610080850,SUB GENERIC KING CAR,10 CT,1,86300
705,2720000210,PRICE VALUE CIGARETT,1 CT,10,80030
705,2720000211,PRICE VALUE CIGARETT,1 CT,10,80030
705,2720000212,PRICE VALUE CIGARETT,1 CT,10,80030
705,2720000214,PRICE VALUE CIGARETT,1 CT,10,80030
705,2720000216,CIGARETTES SINGLE PA,1 CT,10,86130
705,2720000217,CIGARETTES SINGLE PA,1 CT,10,86130
705,2720000223,CIGARETTES (SINGLE P,PACK,1,86110
705,2720000226,SUB GENERIC SINGLE,1 CT,10,80030
705,2720000227,SUB GENERIC SINGLE,1 CT,10,80030
705,2720000228,SUB GENERIC SINGLE,1 CT,10,80030
705,2720000229,SUB GENERIC SINGLE,1 CT,10,80030
705,2720000232,KOOL CIGARETTES SING,1 CT,10,86070
705,2720000233,CIGARETTES (SINGLE P,PACK,1,86110
705,2720000238,CIGARETTES SINGLE PA,1 CT,10,86130
705,2720000239,CIGARETTES SINGLE PA,1 CT,10,86130
705,2720000243,GENERIC SINGLE,1 CT,10,80020
705,2720000244,GENERIC SINGLE,1 CT,10,80020
705,2720000245,GENERIC SINGLE,1 CT,10,80020
705,2720000246,GENERIC SINGLE,1 CT,10,80020
705,2720000250,SUB GENERIC SINGLE,1 CT,10,80030
705,2720000251,SUB GENERIC SINGLE,1 CT,10,80030
705,2720000252,KOOL CIGARETTES SING,1 CT,1,86070
705,2720000253,KOOL CIGARETTES SING,1 CT,1,86070
705,2720000254,KOOL CIGARETTES SING,1 CT,1,86070
705,2720000255,KOOL CIGARETTES SING,1 CT,1,86070
705,2720000256,KOOL CIGARETTES SING,1 CT,1,86070
705,2720000257,SUB GENERIC SINGLE,1 CT,10,80030
705,2720000258,SUB GENERIC SINGLE,1 CT,10,80030
705,2720000259,GENERIC (B/W) SINGLE,1 CT,10,80020
705,2720000260,CIGARETTES (SINGLE P,1 CT,1,86110
705,2720000261,KOOL CIGARETTES SING,1 CT,1,86070
705,2720000268,GENERIC (B/W) SINGLE,1 CT,10,80020
705,2720000269,SUB GENERIC SINGLE,1 CT,10,80030
705,2720000270,SUB GENERIC SINGLE,1 CT,10,80030
705,2720000275,CIGARETTES (SINGLE P,1 CT,1,86110
705,2720000276,CIGARETTES (SINGLE P,1 CT,1,86110
705,2720000277,CIGARETTES (SINGLE P,1 CT,1,86110
705,2720000287,CIGARETTES (SINGLE P,1 CT,1,86110
705,2720000292,KOOL CIGARETTES SING,1 CT,10,86070
705,2720000293,KOOL CIGARETTES SING,1 CT,1,86070
705,2720000294,KOOL CIGARETTES SING,1 CT,1,86070
705,2720000295,KOOL CIGARETTES SING,1 CT,1,86070
705,2720000302,GENERIC (B/W) SINGLE,1 CT,10,80020
705,2720000331,SUB GENERIC SINGLE,1 CT,10,80030
705,2720000332,SUB GENERIC SINGLE,1 CT,10,80030
705,2720000333,SUB GENERIC SINGLE P,1 CT,10,80030
705,2720000334,SUB GENERIC SINGLE,1 CT,10,80030
705,2720000335,SUB GENERIC SINGLE,1 CT,10,80030
705,2720000336,PRICE VALUE CIGARETT,1 CT,10,80030
705,2720000559,KOOL CIGARETTES SING,1 CT,1,86070
705,2720000597,KOOL CIGARETTES SING,1 CT,1,86070
705,2720000653,SUB GENERIC SINGLE P,1 CT,10,80030
705,2720000654,SUB GENERIC SINGLE P,1 CT,10,80030
705,2720000660,CIGARETTES SINGLE PA,1 CT,10,86130
705,2720000661,CIGARETTES SINGLE PA,1 CT,10,86130
700,2720001110,KING CARTON,10 PK,1,86000
700,2720001111,KING CARTON,10 PK,1,86000
700,2720001112,KING CARTON,10 PK,1,86000
700,2720001113,100'S CIGARETTE CART,10 CT,1,86200
700,2720001114,KOOL CIGARETTES CART,10 CT,1,86060
700,2720001115,100'S CIGARETTE CART,10 CT,1,86200
700,2720001116,100'S CIGARETTE CART,10 CT,1,86200
700,2720001117,100'S CIGARETTE CART,10 CT,1,86200
700,2720001118,KING CARTON,10 PK,1,86000
700,2720001119,KING CARTON,10 PK,1,86000
700,2720001120,KING CARTON,10 PK,1,86000
700,2720001125,KOOL CIGARETTES CART,10 PK,1,86060
700,2720001126,KING & REG CIGARETTE,10 PK,1,86020
700,2720001127,KING CARTON,10 PK,1,86000
700,2720001128,KOOL CIGARETTES CART,10 PK,1,86060
700,2720001129,KING CARTON,10 PK,1,86000
700,2720001130,KING CARTON,10 PK,1,86000
700,2720001132,KOOL CIGARETTES CART,10 PK,1,86060
700,2720001133,GENERIC CARTON,10 CT,1,86010
700,2720001134,GENERIC CARTON,10 PK,1,86220
700,2720001135,KING CARTON,10 PK,1,86000
700,2720001137,KOOL CIGARETTES CART,10 PK,1,86060
700,2720001140,KING CARTON,10 PK,1,86000
700,2720001144,100'S CIGARETTE CART,10 PK,1,86200
700,2720001145,100'S CIGARETTE CART,10 CT,1,86200
700,2720001150,100'S CIGARETTE CART,10 CT,1,86200
700,2720001152,KING & REG CIGARETTE,10 PK,1,86000
700,2720001160,KING & REG CIGARETTE,10 PK,1,86000
700,2720001163,100'S CARTON CIGARET,10 CT,1,86210
700,2720001164,100'S CARTON CIGARET,10 CT,1,86210
700,2720001165,100'S CIGARETTE CART,10 PK,1,86200
700,2720001167,KING & REG CIGARETTE,10 PK,1,86000
700,2720001171,GENERIC KING CARTON,10 PK,1,86030
700,2720001172,GENERIC KING CARTON,10 PK,1,86030
700,2720001174,KING CARTON,10 CT,1,86000
700,2720001175,KING & REG CIGARETTE,10 PK,1,86000
700,2720001177,KING CARTON,10 CT,1,86000
700,2720001178,100'S CARTON CIGARET,10 PK,1,86210
700,2720001180,100'S CARTON CIGARET,10 CT,1,86210
700,2720001181,100'S CIGARETTE CART,10 PK,1,86200
700,2720001191,GENERIC KING CARTON,10 CT,1,86030
700,2720001192,PRICE VALUE KING CAR,10 PK,1,86230
700,2720001193,PRICE VALUE KING CAR,10 CT,1,86030
700,2720001194,PRICE VALUE KING CAR,10 CT,10,86030
700,2720001255,PRICE VALUE KING CAR,10 CT,1,86030
700,2720001256,PRICE VALUE KING CAR,10 CT,1,86030
700,2720001257,PRICE VALUE KING CAR,10 CT,1,86030
700,2720001258,PRICE VALUE 100,10 CT,10,86230
700,2720001263,PRICE VALUE KING CAR,10 PK,1,86030
700,2720001264,PRICE VALUE KING CAR,10 PK,1,86230
700,2720001265,PRICE VALUE KING CAR,10 PK,1,86030
700,2720001266,PRICE VALUE KING CAR,10 PK,1,86230
700,2720003040,NAME GENERIC CIGS,10 CT,1,86320
700,2720003041,NAME GENERIC CIGS,10 PK,1,86320
700,2720003043,SUB-GENERIC CIGS,10 CT,1,86300
700,2720003044,SUB-GENERIC CIGS,10 PK,1,86300
700,2720003045,NAME-GENERIC CIGS 10,10 CT,1,86320
700,2720003046,NAME-GENERIC CIGS 10,10 CT,1,86320
700,2720003049,NAME-GENERIC CIGS 10,10 PK,1,86210
700,2720003133,SUB GENERIC KING CAR,10 CT,1,86030
700,2720003134,SUB GENERIC 100'S CA,10 CT,1,86230
700,2720003250,100'S CIGARETTE CART,10 CT,1,86200
700,2720003251,100'S CIGARETTE CART,10 CT,1,86200
705,2820000101,CIGARETTES SINGLE PA,1 CT,10,86120
705,2820000102,CIGARETTES SINGLE PA,1 CT,10,86120
705,2820000103,CIGARETTES SINGLE PA,1 CT,10,86120
705,2820000104,CIGARETTES SINGLE PA,1 CT,10,86120
705,2820000106,CIGARETTES SINGLE PA,1 CT,10,86120
705,2820000110,CIGARETTES (SINGLE P,1 CT,1,86110
705,2820000111,BENSON & HEDGES PREM,1 CT,1,86810
705,2820000117,CIGARETTES SINGLE PA,1 CT,10,86120
705,2820000118,CIGARETTES SINGLE PA,1 CT,10,86120
705,2820000119,CIGARETTES SINGLE PA,1 CT,10,86120
705,2820000120,CIGARETTES (SINGLE P,1 CT,1,86110
705,2820000122,SUB GENERIC SINGLE,1 CT,10,80030
705,2820000126,SUB GENERIC SINGLE,1 CT,10,80030
705,2820000127,MARLBORO PREM PACKS,1 CT,10,86730
705,2820000142,SUB GENERIC SINGLE,1 CT,10,80030
705,2820000143,SUB GENERIC SINGLE,1 CT,10,80030
705,2820000144,SUB GENERIC SINGLE,1 CT,10,80030
705,2820000145,SUB GENERIC SINGLE,1 CT,10,80030
705,2820000156,MARLBORO PACK KING/1,1 CT,10,86120
705,2820000157,MARLBORO PREM PACKS,1 CT,10,86750
705,2820000158,CIGARETTES SINGLE PA,1 CT,10,86120
705,2820000159,MARLBORO PACK KING/1,1 CT,10,86120
705,2820000160,VIRGINIA SLIMS PREM,1 CT,10,86790
705,2820000161,VIRGINIA SLIMS PREM,1 CT,10,86790
705,2820000162,VIRGINIA SLIMS PREM,1 CT,10,86790
705,2820000163,VIRGINIA SLIMS PREM,1 CT,10,86790
705,2820000180,CIGARETTES SINGLE PA,1 CT,10,86120
705,2820000183,CIGARETTES SINGLE PA,1 CT,10,86120
705,2820000210,VIRGINIA SLIMS PREM,1 CT,10,86790
705,2820000211,VIRGINIA SLIMS PREM,1 CT,10,86790
705,2820000222,SUB GENERIC SINGLE,1 CT,10,80100
705,2820000223,SUB GENERIC SINGLE,1 CT,10,80100
705,2820000224,SUB GENERIC SINGLE,1 CT,10,80100
705,2820000225,SUB GENERIC SINGLE,1 CT,10,80100
705,2820000232,SUB GENERIC SINGLE,1 CT,10,80100
705,2820000233,SUB GENERIC SINGLE,1 CT,10,80100
705,2820000234,SUB GENERIC SINGLE,1 CT,10,80100
705,2820000235,SUB GENERIC SINGLE,1 CT,10,80100
705,2820000251,MERIT ULT SNGL,1 CT,1,86420
705,2820000252,MERIT ULT SNGL,1 CT,1,86420
705,2820000253,MERIT ULT SNGL,1 CT,1,86420
705,2820000254,MERIT ULT SNGL,1 CT,1,86420
705,2820000270,MARLBORO PACK KING/1,1 CT,1,86130
705,2820000271,MARLBORO PACK KING/1,1 CT,10,86130
705,2820000274,MARLBORO PACK KING/1,1 CT,1,86110
705,2820000275,MARLBORO PACK KING/1,1 CT,1,86110
705,2820000278,SUB GENERIC SINGLE,1 CT,10,80030
705,2820000279,SUB GENERIC SINGLE,1 CT,10,80030
705,2820000286,CIGARETTES SINGLE PA,1 CT,10,86120
705,2820000287,CIGARETTES SINGLE PA,1 CT,10,86120
705,2820000288,CIGARETTES SINGLE PA,1 CT,10,86120
705,2820000289,CIGARETTES SINGLE PA,1 CT,10,86120
705,2820000294,B & H SPECIAL SNGLE,1 CT,1,86450
705,2820000295,B & H SPECIAL SNGLE,1 CT,1,86450
705,2820000296,B & H SPECIAL SNGLE,1 CT,1,86450
705,2820000297,B & H SPECIAL SNGLE,1 CT,1,86450
705,2820000329,MARLBORO PREM 25PKS,1 CT,8,86740
705,2820000366,MALBORO 25CT PACKS,1 CT,8,86550
705,2820000416,25CT SINGLE PACK CIG,1 CT,8,80190
705,2820000417,25CT SINGLE PACK CIG,1 CT,8,80190
705,2820000418,25CT SINGLE PACK CIG,1 CT,8,80190
705,2820000419,25CT SINGLE PACK,1 CT,8,86120
705,2820000620,BASIC DISCOUNT PACKS,1 CT,10,86840
705,2820000621,GENERIC (B/W) SINGLE,1 CT,10,80020
705,2820000623,GENERIC (B/W) SINGLE,1 CT,10,80020
705,2820000624,BASIC DISCOUNT PACKS,1 CT,10,86840
705,2820000625,GENERIC (B/W) SINGLE,1 CT,10,80020
705,2820000626,GENERIC (B/W) SINGLE,1 CT,10,80020
705,2820000627,GENERIC (B/W) SINGLE,1 CT,10,80020
705,2820000628,GENERIC (B/W) SINGLE,1 CT,10,80020
705,2820000629,BASIC DISCOUNT PACKS,1 CT,10,86840
705,2820000631,GENERIC (B/W) SINGLE,1 CT,10,80020
705,2820000632,BASIC DISCOUNT PACKS,1 CT,10,86840
705,2820000633,BASIC DISCOUNT PACKS,1 CT,10,86840
705,2820000634,BASIC DISCOUNT PACK,1 CT,10,86850
705,2820000636,BASIC DISCOUNT PACKS,1 CT,10,86840
705,2820000801,MARLBORO PACK KING/1,1 CT,1,86120
705,2820000804,CIGARETTES SINGLE PA,1 CT,10,86120
705,2820000805,CIGARETTES SINGLE PA,1 CT,10,86120
705,2820000808,25CT SINGLE PACK,1 CT,10,86120
705,2820000809,CIGARETTES (SINGLE P,1 CT,1,86110
705,2820000810,CIGARETTES (SINGLE P,1 CT,1,86110
705,2820000813,CIGARETTES SINGLE PA,1 CT,10,86120
705,2820000818,MARLBORO PACK KING/1,1 CT,1,86120
705,2820000819,MARLBORO PACK KING/1,1 CT,10,86120
705,2820000821,MARLBORO PACK KING/1,1 CT,1,86120
705,2820000822,CIGARETTES SINGLE PA,1 CT,10,86120
705,2820000829,MARLBORO PACK KING/1,1 CT,1,86120
705,2820000837,SUB GENERIC SINGLE,1 CT,10,80030
705,2820000839,CIGARETTES SINGLE PA,1 CT,10,86120
705,2820000840,BENSON & HEDGES PREM,1 CT,1,86810
705,2820000841,BENSON & HEDGES PREM,1 CT,1,86810
705,2820000842,BENSON & HEDGES PREM,1 CT,1,86810
705,2820000843,BENSON & HEDGES PREM,1 CT,1,86810
705,2820000848,MARLBORO PACK KING/1,1 CT,1,86120
705,2820000850,CIGARETTES SINGLE PA,1 CT,10,86120
705,2820000851,BENSON & HEDGES PREM,1 CT,1,86810
705,2820000852,BENSON & HEDGES PREM,1 CT,1,86810
705,2820000853,MARLBORO PACK KING/1,1 CT,1,86120
705,2820000860,VIRGINIA SLMS PREM P,1 CT,10,86780
705,2820000863,VIRGINIA SLMS PREM P,1 CT,10,86780
705,2820000864,VIRGINIA SLMS PREM P,1 CT,10,86780
705,2820000865,VIRGINIA SLMS PREM P,1 CT,10,86780
705,2820000866,MARLBORO PACK KING/1,1 CT,1,86120
705,2820000869,MARLBORO PACK KING/1,1 CT,1,86120
705,2820000871,CIGARETTES (SINGLE P,1 CT,1,86110
705,2820000872,CIGARETTES (SINGLE P,1 CT,1,86110
705,2820000876,CIGARETTES SINGLE PA,1 CT,10,86120
705,2820000877,CIGARETTES SINGLE PA,1 CT,10,86120
705,2820000886,SUB GENERIC SINGLE,1 CT,10,80030
705,2820000888,SUB GENERIC SINGLE,1 CT,10,80030
705,2820000890,BENSON & HEDGES PREM,1 CT,1,86810
705,2820000891,BENSON & HEDGES PREM,1 CT,1,86810
705,2820000892,SUB GENERIC SINGLE,1 CT,10,80030
705,2820000893,SUB GENERIC SINGLE,1 CT,10,80030
705,2820000894,SUB GENERIC SINGLE,1 CT,10,80030
705,2820000895,SUB GENERIC SINGLE,1 CT,10,80030
700,2820010012,MARLBORO PREM CARTON,10 PK,1,86700
700,2820010040,KING CARTON,10 PK,1,86000
700,2820010050,KING CARTON,10 PK,1,86000
700,2820010080,100'S CARTON CIGARET,10 CT,1,86210
700,2820010090,100'S CARTON CIGARET,10 CT,1,86210
700,2820010106,KING CARTON,10 PK,1,86000
700,2820010130,100'S CARTON CIGARET,10 CT,1,86210
700,2820010180,MARLBORO PREM CARTON,10 PK,1,86710
700,2820010190,MARLBORO CARTON/100,10 PK,1,86200
700,2820010216,MARLBORO CARTON KING,10 PK,1,86080
700,2820010270,KING & REG CIGARETTE,10 PK,1,86000
700,2820010290,MARLBORO CARTON KING,10 PK,1,86080
700,2820010370,PRICE VALUE KING CAR,10 PK,1,86230
700,2820010390,KING CARTON,10 PK,1,86000
700,2820010400,BENSON & HEDGES PRM,10 PK,1,86800
700,2820010416,BENSON & HEDGES PRM,10 PK,1,86800
700,2820010426,BENSON & HEDGES PRM,10 PK,1,86800
700,2820010431,BENSON & HEDGES PRM,10 PK,1,86800
700,2820010480,MARLBORO PREM CARTON,10 PK,1,86710
700,2820010500,100'S CARTON CIGARET,10 CT,1,86210
700,2820010510,BENSON & HEDGES PRM,10 PK,1,86800
700,2820010520,BENSON & HEDGES PRM,10 PK,1,86800
700,2820010530,MARLBORO PREM CARTON,10 PK,1,86710
700,2820010601,VIRGINIA SLMS PREM C,10 PK,1,86760
700,2820010631,VIRGINIA SLMS PREM C,10 PK,1,86760
700,2820010640,VIRGINIA SLMS PREM C,10 PK,1,86760
700,2820010650,VIRGINIA SLMS PREM C,10 PK,1,86760
700,2820010660,MARLBORO PREM CARTON,10 PK,1,86700
705,2820010665,MARLBORO 5-PACK CART,5 CT,1,86430
700,2820010690,MARLBORO PREM CARTON,10 PK,1,86080
700,2820010710,KING CARTON,10 PK,1,86000
700,2820010720,KING CARTON,10 PK,1,86000
700,2820010760,100'S CIGARETTE CART,10 CT,1,86200
700,2820010770,100'S CIGARETTE CART,10 CT,1,86200
700,2820010860,PRICE VALUE KING CAR,10 PK,1,86030
700,2820010880,PRICE VALUE KING CAR,10 PK,1,86230
700,2820010900,BENSON & HEDGES PRM,10 PK,1,86800
700,2820010910,BENSON & HEDGES PRM,10 PK,1,86800
700,2820010920,PRICE VALUE KING CAR,10 PK,1,86030
700,2820010930,PRICE VALUE KING CAR,10 PK,1,86230
700,2820010940,PRICE VALUE KING CAR,10 PK,1,86030
700,2820010950,PRICE VALUE KING CAR,10 PK,1,86230
700,2820011010,KING CARTON,10 PK,1,86000
700,2820011020,KING CARTON,10 PK,1,86000
700,2820011030,100'S CIGARETTE CART,10 CT,1,86200
700,2820011040,100'S CIGARETTE CART,10 CT,1,86200
700,2820011100,BENSON & HEDGES PRM,10 PK,1,86800
700,2820011110,BENSON & HEDGES PRM,10 PK,1,86800
700,2820011160,KING & REG CIGARETTE,10 CT,1,86000
700,2820011170,100'S CIGARETTE CART,10 CT,1,86200
700,2820011180,KING & REG CIGARETTE,10 CT,1,86000
700,2820011190,100'S CIGARETTE CART,10 PK,1,86200
700,2820011200,KING CARTON,10 PK,1,86000
700,2820011220,PRICE VALUE KING CAR,10 PK,1,86030
700,2820011260,PRICE VALUE KING CAR,10 PK,1,86230
700,2820011270,MARLBORO PREM CARTON,10 CT,1,86700
700,2820011420,PRICE VALUE KING CAR,10 PK,1,86030
700,2820011430,PRICE VALUE KING CAR,10 PK,1,86030
700,2820011440,PRICE VALUE KING CAR,10 PK,1,86230
700,2820011450,PRICE VALUE KING CAR,10 PK,1,86230
700,2820011566,MARLBORO PREM CARTON,10 PK,1,86710
700,2820011570,MARLBORO PREM CARTON,10 CT,1,86700
700,2820011580,MARLBORO PREM CARTON,10 CT,1,86700
700,2820011596,MARLBORO PREM CARTON,10 PK,1,86700
700,2820011600,VIRGINIA SLIMS PREM,10 PK,1,86770
700,2820011610,VIRGINIA SLIMS PREM,10 PK,1,86770
700,2820011620,VIRGINIA SLIMS PREM,10 PK,1,86770
700,2820011630,VIRGINIA SLIMS PREM,10 PK,1,86770
700,2820011800,KING & REG CIGARETTE,10 CT,1,86020
700,2820011830,100'S CARTON CIGARET,10 CT,1,86210
700,2820012100,VIRGINIA SLIMS PREM,10 PK,1,86770
700,2820012110,VIRGINIA SLIMS PREM,10 PK,1,86770
700,2820012220,SUB GENERIC CARTON,10 PK,1,86300
700,2820012230,SUB GENERIC CARTON,10 CT,1,86300
700,2820012240,SUB GENERIC CARTON,10 PK,1,86320
700,2820012250,SUB GENERIC CARTON,10 PK,1,86320
700,2820012350,SUB GENERIC CARTON,10 PK,1,86320
700,2820012510,MERIT ULT KINGS $5 O,10 CT,1,86400
700,2820012520,MERIT ULT 100 $5 OFF,10 CT,1,86410
700,2820012530,MERIT ILT $5 OFF,10 PK,1,86410
700,2820012540,MERIT ULT KINGS $5 O,10 CT,1,86400
700,2820012700,MARLBORO PREM CARTON,10 PK,1,86700
705,2820012705,MARLBORO 5-PACK CART,5 CT,1,86430
700,2820012710,MARLBORO PREM CARTON,10 PK,1,86700
700,2820012740,MARLBORO PREM CARTON,10 PK,1,86710
700,2820012750,MARLBORO PREM CARTON,10 PK,1,86710
700,2820012780,SUB GENERIC KING CAR,10 CT,1,86300
700,2820012790,SUB GENERIC 100'S CA,10 CT,1,86320
700,2820012860,KING & REG CIGARETTE,10 CT,1,86020
700,2820012870,KING & REG CIGARETTE,10 CT,1,86020
700,2820012880,100'S CIGARETTE CART,10 CT,1,86200
700,2820012890,100'S CIGARETTE CART,10 CT,1,86200
700,2820012940,B & H SPECIAL $4 OFF,10 CT,1,86440
700,2820012950,B & H SPECIAL $4 OFF,10 CT,1,86440
700,2820012960,B & H SPECIAL $4 OFF,10 CT,1,86440
700,2820012970,B & H SPECIAL $4 OFF,10 CT,1,86440
700,2820013291,MARLBORO PREM CARTON,10 PK,1,86700
700,2820013661,MARLBORO PREM CARTON,10 PK,1,86700
700,2820014160,KING & REG CIGARETTE,10 CT,1,86020
700,2820014170,100'S CARTON CIGARET,10 CT,1,86210
700,2820014180,KING & REG CIGARETTE,10 CT,1,86020
700,2820014190,100'S CARTON CIGARET,10 CT,1,86210
700,2820016200,BASIC DISCOUNT CRTN,10 CT,1,86820
700,2820016210,BASIC DISCOUNT CRTN,10 PK,1,86820
700,2820016230,BASIC DISCOUNT CRTN,10 PK,1,86830
700,2820016240,BASIC DISCOUNT CRTN,10 CT,1,86820
700,2820016250,BASIC DISCOUNT CRTN,10 PK,1,86820
700,2820016260,BASIC DISCOUNT CRTN,10 PK,1,86820
700,2820016270,BASIC DISCOUNT CRTN,10 PK,1,86830
700,2820016280,BASIC DISCOUNT CRTN,10 PK,1,86830
700,2820016290,BASIC DISCOUNT CRTN,10 PK,1,86820
700,2820016310,BASIC DISCOUNT CRTN,10 PK,1,86830
700,2820016320,BASIC DISCOUNT CRTN,10 PK,1,86820
700,2820016330,BASIC DISCOUNT CRTN,10 CT,1,86820
700,2820016340,BASIC DISCOUNT CRTN,10 CT,1,86830
700,2820016360,BASIC DISCOUNT CRTN,10 CT,1,86820
705,2820019001,CIGARETTES B2G1MUG,1 CT,1,80010
705,2820019002,CIGARETTES B3G2F,1 CT,1,80000
705,2820019005,CIGARETTES B2G1MUG,1 CT,1,80010
705,2820019006,CIGARETTES B3G2F,1 CT,1,80000
705,2820019020,CIGARETTES SINGLE PA,1 CT,10,86120
705,2820019021,CIGARETTES B2G BONUS,1 CT,1,80010
700,2820019023,KING CARTON,10 CT,1,86000
700,2897909126,GENERIC (WHITE) CART,10 CT,1,86220
705,3170000030,WHITE OWL BLUNTS,5 CT,5,85000
705,3170000057,WILLIAM PENN PERFECT,10 EA,5,89590
700,4210000294,KODIAK SMOKELESS TOB,1.2 O,10,91120
705,4300000001,GENERIC SINGLE PACK,1 CT,10,80100
705,4300000002,SUB GENERIC SINGLE,1 CT,10,80100
705,4300000015,GENERIC SINGLE PACK,1 CT,10,80100
705,4300000023,GENERIC SINGLE PACK,1 CT,10,80100
705,4300000093,GENERIC SINGLE PACK,1 CT,10,80100
705,4330000000,SUB GENERIC SINGLE,1 CT,10,80100
705,4330000001,CIGARETTES (SINGLE P,1 CT,1,86110
705,4330000002,SUB GENERIC SINGLE P,1 CT,10,80030
705,4330000003,CIGARETTES SINGLE PA,1 CT,10,86130
705,4330000004,CIGARETTES SINGLE PA,1 CT,10,86130
705,4330000005,CIGARETTES SINGLE PA,1 CT,10,86130
705,4330000006,CIGARETTES SINGLE PA,1 CT,10,86130
705,4330000009,SUB GENERIC SINGLE P,1 CT,10,80030
705,4330000012,CIGARETTES SINGLE PA,1 CT,10,86120
705,4330000015,SUB GENERIC SINGLE P,1 CT,1,80100
705,4330000016,CIGARETTES SINGLE PA,1 CT,10,86130
705,4330000018,CIGARETTES SINGLE PA,1 CT,10,86130
705,4330000020,CIGARETTES SINGLE PA,1 CT,10,86130
705,4330000022,SUB GENERIC SINGLE P,1 CT,10,80030
705,4330000027,CIGARETTES SINGLE PA,1 CT,10,86130
705,4330000028,CIGARETTES SINGLE PA,1 CT,10,86130
705,4330000030,CIGARETTES SINGLE PA,1 CT,10,86130
705,4330000031,CIGARETTES SINGLE PA,1 CT,10,86130
705,4330000035,CIGARETTES SINGLE PA,1 CT,10,86130
705,4330000039,CIGARETTES SINGLE PA,1 CT,10,86130
705,4330000040,CIGARETTES SINGLE PA,1 CT,10,86130
705,4330000053,SUB GENERIC SINGLE P,1 CT,10,80100
705,4330000054,SUB GENERIC SINGLE P,1 CT,10,80100
705,4330000057,CIGARETTES SINGLE PA,1 CT,10,86130
705,4330000058,CIGARETTES SINGLE PA,1 CT,10,86130
705,4330000078,SUB GENERIC SINGLE,1 CT,10,80100
705,4330000079,SUB GENERIC SINGLE,1 CT,10,80100
705,4330000086,CIGARETTES SINGLE PA,1 CT,10,86120
705,4330000093,SUB GENERIC SINGLE P,1 CT,10,80030
705,4330000094,PRICE VALUE PACK,1 CT,10,80100
705,4330000095,PRICE VALUE PACK,1 CT,10,80100
700,4330001508,SUB GENERIC CARTON,10 CT,1,86300
700,4330001608,SUB GENERIC CARTON,10 CT,1,86300
700,4330001808,PRICE VALUE KING CAR,10 PK,1,86030
700,4330001858,PRICE VALUE KING CAR,10 PK,1,86030
700,4330001908,PRICE VALUE KING CAR,10 PK,1,86230
700,4330001958,PRICE VALUE KING CAR,10 PK,1,86230
700,4330001978,PRICE VALUE KING CAR,10 PK,1,86230
700,4330002028,KING CARTON,10 PK,1,86000
700,4330002048,KING CARTON,10 PK,1,86000
700,4330002058,100'S CIGARETTE CART,10 CT,1,86200
700,4330002068,100'S CIGARETTE CART,10 CT,1,86200
700,4330002078,100'S CIGARETTE CART,10 CT,1,86200
700,4330002088,100'S CIGARETTE CART,10 CT,1,86200
700,4330002098,KING CARTON,10 CT,1,86000
700,4330002108,100'S CIGARETTE CART,10 CT,1,86200
700,4330002208,100'S CIGARETTE CART,10 CT,1,86200
700,4330002908,KING CARTON,10 PK,1,86000
700,4330004518,KING CARTON,10 PK,1,86000
700,4330004538,KING CARTON,10 PK,1,86000
700,4330004548,KING & REG CIGARETTE,10 CT,1,86000
700,4330004558,100'S CIGARETTE CART,10 CT,1,86200
700,4330004658,KING CARTON,10 PK,1,86000
700,4330004678,100'S CIGARETTE CART,10 CT,1,86200
700,4330005108,NAME GENRIC CIGS,10 PK,1,86320
700,4330005208,SUB-GENERIC CIGS,10 PK,1,86320
700,4330005408,SUB GENERIC CARTON,10 PK,1,86300
700,4330005418,SUB-GENERIC CIGS,10 PK,1,86300
700,4330005428,SUB GENERIC CARTON,10 PK,1,86300
700,4330005508,PRICE VALUE KING CAR,10 CT,1,86030
700,4330005558,SUB GENERIC CARTON,10 PK,1,86300
700,4330005568,SUB GENERIC CARTON,10 PK,1,86300
700,4330005578,SUB GENERIC CARTON,10 PK,1,86300
700,4330005598,SUB-GENERIC CIGS,10 PK,1,86320
700,4330005618,PRICE VALUE KING CAR,10 CT,1,86030
700,4330005718,PRICE VALUE KING CAR,10 CT,1,86030
700,4330005818,PRICE VALUE KING CAR,10 PK,1,86230
700,4330005918,PRICE VALUE KING CAR,10 PK,1,86230
700,4330005928,PRICE VALUE KING CAR,10 PK,1,86230
700,4330005938,PRICE VALUE KING CAR,10 PK,1,86230
700,4330006518,KING CARTON,10 PK,1,86000
700,4330006538,100'S CARTON CIGARET,10 CT,1,86210
700,4330006568,100'S CIGARETTE CART,10 CT,1,86200
700,4330006618,KING & REG CIGARETTE,10 CT,1,86020
700,4330006628,100'S CARTON CIGARET,10 CT,1,86210
700,4330006758,SUB GENERIC KING CAR,10 CT,1,86300
700,4330006768,SUB GENERIC 100'S CA,10 CT,1,86320
700,4330006828,100'S CIGARETTE CART,10 CT,1,86200
700,4330006848,100'S CIGARETTE CART,10 CT,1,86200
700,4330007228,100'S CIGARETTE CART,10 CT,1,86200
700,4330007248,100'S CIGARETTE CART,10 PK,1,86200
700,4330007518,100'S CIGARETTE CART,10 CT,1,86200
700,4330007528,KING CARTON,10 PK,1,86000
700,4330007538,100'S CIGARETTE CART,10 CT,1,86200
700,4330007568,100'S CIGARETTE CART,10 CT,1,86200
700,4330007628,KING CARTON,10 PK,1,86000
705,7004775060,PALMA THROWOUT NATUR,5 EA,10,88720
700,7013700005,CHERRY BLEND CIGARS,5 CT,20,90060
700,7161040008,MURIEL AIR TIPS REGU,5 CT,10,88600
705,7161050051,DUTCH MASTER DELUX C,4 CT,5,88480
700,7161061180,CHINA BLK WHISKEY B1,2/1.5O,1,91450
700,7161061181,CHINA BLK FIRE B1G1,2/1.5O,1,91440
700,7161061182,CHINA BLK BURLEY,2/1.5O,1,91460
705,7161061663,SUPER VALUE BLACK CA,12 OZ,1,90540
700,7161075501,LA CORONA WHIFFS $,10 PK,1,80200
700,7161075738,AYC GRENADIER BOX $,50 CT,1,88920
700,7310000060,SKOAL LONG CUT STRAI,1 CT,10,90880
700,7310000066,SKOAL BANDIT STRAIGH,1 CT,10,90870
705,7310000290,SKOAL FLAVOR PACK MI,.75 OZ,10,90230
705,7310000292,SKOAL FLAVOR PACK CI,.75 OZ,10,90240
700,7310000541,SKOAL LONGCUT CLASSI,1 CT,10,90860
700,7394700487,BRKM RIFF ULTRA LT,1 CT,1,91140
700,7592600173,GENERIC CARTON,10 PK,1,86300
705,7592600174,GENERIC (B/W) SINGLE,1 CT,10,80020
705,7592600236,GENERIC (B/W) SINGLE,1 CT,10,80020
700,7592600237,GENERIC CARTON,10 PK,1,86300
705,7592600250,GENERIC (B/W) SINGLE,1 CT,10,80020
700,7592600251,GENERIC CARTON,10 PK,1,86220
705,7592600252,GENERIC (B/W) SINGLE,1 CT,10,80020
700,7592600253,GENERIC(WHITE)KING C,10 CT,1,86010
705,7592600254,GENERIC (B/W) SINGLE,1 CT,10,80020
700,7592600255,GENERIC CARTON,10 PK,1,86300
705,7592600256,GENERIC (B/W) SINGLE,1 CT,10,80020
700,7592600257,GENERIC CARTON,10 PK,1,86300
705,7592605018,GENERIC (B/W) SINGLE,1 CT,10,80020
700,7592605019,GENERIC (WHITE) CART,10 PK,1,86010
705,7592605020,GENERIC (B/W) SINGLE,1 CT,10,80020
700,7592605021,SUB GENERIC KING CAR,10 PK,1,86010
705,7592605024,GENERIC (B/W) SINGLE,1 CT,10,80020
700,7592605025,GENERIC(WHITE)KING C,10 CT,1,86010
705,7592605026,GENERIC (B/W) SINGLE,1 CT,10,80020
700,7592605027,GENERIC(WHITE)KING C,10 CT,1,86010
705,7592605030,GENERIC (B/W) SINGLE,1 CT,10,80020
700,7592605031,GENERIC(WHITE)KING C,10 CT,1,86010
705,7592605032,GENERIC (B/W) SINGLE,1 CT,10,80020
705,7592605034,GENERIC (B/W) SINGLE,1 CT,10,80020
700,7592605035,GENERIC(WHITE)KING C,10 CT,1,86010
705,7592605036,GENERIC (B/W) SINGLE,1 CT,10,80020
705,7592605046,GENERIC (B/W) SINGLE,1 CT,10,80020
705,7592605048,GENERIC (B/W) SINGLE,1 CT,10,80020
705,7717046537,TOP TOBACCO,.75 OZ,1,90430
700,7994402136,GENERIC(WHITE)KING C,10 CT,1,86010
700,7994402144,GENERIC(WHITE)100 CA,10 CT,1,86220
700,7994436130,GENERIC CARTON,10 PK,1,86010
700,7994436136,GENERIC CARTON,10 PK,1,86010
700,7994436138,GENERIC CARTON,10 PK,1,86220
700,7994436140,GENERIC CARTON,10 PK,1,86220
700,7994436160,GENERIC CARTON,10 PK,1,86010
700,7994436162,GENERIC CARTON,10 PK,1,86220
700,7994436163,GENERIC(WHITE)KING C,10 CT,1,86010
700,7994436166,GENERIC CARTON,10 PK,1,86220
705,7994437130,GENERIC (B/W) SINGLE,1 CT,10,80020
705,7994437136,GENERIC (B/W) SINGLE,1 CT,10,80020
705,7994437138,GENERIC (B/W) SINGLE,1 CT,10,80020
705,7994437140,GENERIC (B/W) SINGLE,1 CT,10,80020
705,7994437150,GENERIC (B/W) SINGLE,1 CT,10,80020
705,7994437160,GENERIC (B/W) SINGLE,1 CT,10,80020
705,7994437162,GENERIC (B/W) SINGLE,1 CT,10,80020
705,7994437163,GENERIC (B/W) SINGLE,1 CT,10,80020
705,7994437166,GENERIC (B/W) SINGLE,1 CT,10,80020
705,7994452136,GENERIC (B/W) SINGLE,1 CT,10,80020
705,7994452144,GENERIC (B/W) SINGLE,1 CT,10,80020
705,8030000003,CIGARETTES SINGLE PA,1 CT,10,86130
705,8030000004,CIGARETTES SINGLE PA,1 CT,10,86130
705,8030000007,CIGARETTES SINGLE PA,1 CT,10,86120
705,8030000008,CIGARETTES SINGLE PA,1 CT,10,86120
700,8030000009,WINSTON SELECT 20[ O,1 CT,1,86100
700,8030000010,WINSTON SELECT 20[ O,1 CT,1,86100
700,8030070313,KING & REG CIGARETTE,10 CT,1,86020
700,8030070413,100'S CARTON CIGARET,10 CT,1,86210
700,8030070713,KING CARTON,10 CT,1,86000
700,8030070813,KING CARTON,10 CT,1,86000
700,8030070913,KING CARTON,10 PK,1,86000
700,8030071013,KING CARTON,10 PK,1,86000
700,8030084613,SUB GENERIC KING CAR,10 CT,1,86030
705,8030084699,CIGARETTES (SINGLE P,1 CT,1,86110
705,8640912345,PARODI AMEZZA,5 EA,20,88700
705,8640912356,PARODI KINGS,5 EA,10,88710
